{"cameraMode":{"drawMode":0,"name":"Shaded","section":"Shading Mode"},"sceneLighting":true,"audioPlay":false,"sceneViewState":{"showFog":true,"showMaterialUpdate":false,"showSkybox":true,"showFlares":true,"showImageEffects":true,"showParticleSystems":true},"in2DMode":false,"pivot":{"x":-1.916050910949707,"y":-0.4987459182739258,"z":-3.2618532180786135},"rotation":{"x":0.27371251583099368,"y":-0.41187065839767458,"z":0.13120533525943757,"w":0.8592075109481812},"size":3.780771017074585,"orthographic":false}